class_id,class_name,mAP@0.5,mAP@0.5:0.95
0,book_flower,0.995,0.5927
1,book_flowerpot,0.910064935064935,0.6290025974025973
2,book_monkey,0.8930952380952379,0.6595476190476189
3,book_stone,0.665,0.5985
4,braille,0.8259090909090909,0.7314510822510824
5,tactile_flower,0.665,0.599
6,tactile_flowerpot,0.7226428571428574,0.5843809523809524
7,tactile_monkey,0.795,0.5483333333333335
8,tactile_stone,0.995,0.8887499999999999
9,text,0.8439777327935223,0.6428377385772123
